{"cameraMode":{"drawMode":0,"name":"Shaded","section":"Shading Mode"},"sceneLighting":false,"audioPlay":false,"sceneViewState":{"showFog":true,"showMaterialUpdate":true,"showSkybox":true,"showFlares":true,"showImageEffects":true,"showParticleSystems":true},"in2DMode":false,"pivot":{"x":-0.021596431732177736,"y":-1.4521470069885255,"z":3.001999855041504},"rotation":{"x":-0.057338155806064609,"y":-0.6345326900482178,"z":0.04730113223195076,"w":-0.7693135142326355},"size":18.62782859802246,"orthographic":true}