{"cameraMode":{"drawMode":0,"name":"Shaded","section":"Shading Mode"},"sceneLighting":false,"audioPlay":false,"sceneViewState":{"showFog":true,"showMaterialUpdate":true,"showSkybox":true,"showFlares":true,"showImageEffects":true,"showParticleSystems":true},"in2DMode":false,"pivot":{"x":-3.2799999713897707,"y":14.8100004196167,"z":22.270000457763673},"rotation":{"x":0.19457407295703889,"y":0.02705930732190609,"z":-0.005375555716454983,"w":0.980499804019928},"size":17.147314071655275,"orthographic":true}