{"cameraMode":{"drawMode":0,"name":"Shaded","section":"Shading Mode"},"sceneLighting":true,"audioPlay":false,"sceneViewState":{"showFog":true,"showMaterialUpdate":true,"showSkybox":true,"showFlares":true,"showImageEffects":true,"showParticleSystems":true},"in2DMode":false,"pivot":{"x":-4.690547466278076,"y":32.0001335144043,"z":-9.305459022521973},"rotation":{"x":-0.2273634821176529,"y":0.03248212859034538,"z":-0.007594042457640171,"w":-0.9732385277748108},"size":67.77285766601563,"orthographic":true}