{"cameraMode":{"drawMode":0,"name":"Shaded","section":"Shading Mode"},"sceneLighting":false,"audioPlay":false,"sceneViewState":{"showFog":true,"showMaterialUpdate":true,"showSkybox":true,"showFlares":true,"showImageEffects":true,"showParticleSystems":true},"in2DMode":false,"pivot":{"x":-0.30629080533981326,"y":2.666822910308838,"z":0.6489192247390747},"rotation":{"x":-0.03966539725661278,"y":0.9594777822494507,"z":-0.17548608779907227,"w":-0.21687251329421998},"size":2.8578948974609377,"orthographic":true}