{"cameraMode":{"drawMode":0,"name":"Shaded","section":"Shading Mode"},"sceneLighting":true,"audioPlay":false,"sceneViewState":{"showFog":true,"showMaterialUpdate":true,"showSkybox":true,"showFlares":true,"showImageEffects":true,"showParticleSystems":true},"in2DMode":false,"pivot":{"x":-3.2799997329711916,"y":14.8100004196167,"z":22.270000457763673},"rotation":{"x":-0.13432720303535462,"y":-0.5299879908561707,"z":0.08548030257225037,"w":-0.8329238295555115},"size":25.509075164794923,"orthographic":true}