{"cameraMode":{"drawMode":0,"name":"Shaded","section":"Shading Mode"},"sceneLighting":false,"audioPlay":false,"sceneViewState":{"showFog":true,"showMaterialUpdate":true,"showSkybox":true,"showFlares":true,"showImageEffects":true,"showParticleSystems":true},"in2DMode":false,"pivot":{"x":-3.2799999713897707,"y":9.260001182556153,"z":19.559999465942384},"rotation":{"x":0.1425192952156067,"y":0.07295173406600952,"z":-0.010539301671087742,"w":0.9870436787605286},"size":35.808834075927737,"orthographic":true}